{
  "project_info": {
    "project_number": "1056335291914",
    "project_id": "parkingapp1-d736c",
    "storage_bucket": "parkingapp1-d736c.appspot.com"
  },
  "client": [
    {
      "client_info": {
        "mobilesdk_app_id": "1:1056335291914:android:15003d06de9a2d3e05a1f3",
        "android_client_info": {
          "package_name": "com.example.park_app"
        }
      },
      "oauth_client": [],
      "api_key": [
        {
          "current_key": "AIzaSyDl-zzMhLBWxugomlIGVdyiTksQSJl4HCM"
        }
      ],
      "services": {
        "appinvite_service": {
          "other_platform_oauth_client": []
        }
      }
    }
  ],
  "configuration_version": "1"
}